x-axis,1,2
second,Volt,Volt
-16.00E-03,-611.13E-03,+10.26484E+00
-15.00E-03,-608.20E-03,+10.31172E+00
-14.00E-03,-612.11E-03,+10.31563E+00
-13.00E-03,-606.25E-03,+10.31563E+00
-12.00E-03,-612.11E-03,+10.31563E+00
-11.00E-03,-606.25E-03,+10.31953E+00
-10.00E-03,-613.09E-03,+10.37031E+00
-9.00E-03,-606.25E-03,+10.37031E+00
-8.00E-03,-614.06E-03,+10.37031E+00
-7.00E-03,-607.23E-03,+10.37031E+00
-6.00E-03,-616.02E-03,+10.37031E+00
-5.00E-03,-607.23E-03,+10.37813E+00
-4.00E-03,-615.04E-03,+10.38203E+00
-3.00E-03,-606.25E-03,+10.37813E+00
-2.00E-03,-613.09E-03,+10.37813E+00
-1.00E-03,-605.27E-03,+10.34297E+00
+0.0E+00,-613.09E-03,-121.87E-03
+1.00E-03,-605.27E-03,-121.87E-03
+2.00E-03,-613.09E-03,-121.87E-03
+3.00E-03,-605.27E-03,-121.87E-03
+4.00E-03,-613.09E-03,-121.87E-03
+5.00E-03,-606.25E-03,-121.87E-03
+6.00E-03,-612.11E-03,-121.87E-03
+7.00E-03,-606.25E-03,-121.87E-03
+8.00E-03,-612.11E-03,-121.87E-03
+9.00E-03,-607.23E-03,-121.87E-03
+10.00E-03,-611.13E-03,-121.87E-03
+11.00E-03,-607.23E-03,-121.87E-03
+12.00E-03,-611.13E-03,-121.87E-03
+13.00E-03,-607.23E-03,-121.87E-03
+14.00E-03,-610.16E-03,-110.16E-03
+15.00E-03,-609.18E-03,-71.09E-03
+16.00E-03,-610.16E-03,-71.09E-03
+17.00E-03,-610.16E-03,-67.19E-03
+18.00E-03,-611.13E-03,-67.19E-03
+19.00E-03,-612.11E-03,-51.56E-03
+20.00E-03,-611.13E-03,-20.31E-03
+21.00E-03,-612.11E-03,-16.41E-03
+22.00E-03,-607.23E-03,-16.41E-03
+23.00E-03,-611.13E-03,-16.41E-03
+24.00E-03,-607.23E-03,+7.03E-03
+25.00E-03,-612.11E-03,+38.28E-03
+26.00E-03,-606.25E-03,+38.28E-03
+27.00E-03,-613.09E-03,+38.28E-03
+28.00E-03,-606.25E-03,+38.28E-03
+29.00E-03,-614.06E-03,+65.63E-03
+30.00E-03,-605.27E-03,+89.06E-03
+31.00E-03,-614.06E-03,+89.06E-03
+32.00E-03,-605.27E-03,+92.97E-03
+33.00E-03,-614.06E-03,+89.06E-03
+34.00E-03,-605.27E-03,+124.22E-03
+35.00E-03,-614.06E-03,+147.66E-03
+36.00E-03,-605.27E-03,+147.66E-03
+37.00E-03,-614.06E-03,+147.66E-03
+38.00E-03,-605.27E-03,+147.66E-03
+39.00E-03,-613.09E-03,+178.91E-03
+40.00E-03,-605.27E-03,+194.53E-03
+41.00E-03,-613.09E-03,+194.53E-03
+42.00E-03,-606.25E-03,+194.53E-03
+43.00E-03,-613.09E-03,+194.53E-03
+44.00E-03,-606.25E-03,+233.59E-03
+45.00E-03,-612.11E-03,+245.31E-03
+46.00E-03,-607.23E-03,+245.31E-03
+47.00E-03,-612.11E-03,+245.31E-03
+48.00E-03,-607.23E-03,+245.31E-03
+49.00E-03,-611.13E-03,+288.28E-03
+50.00E-03,-608.20E-03,+296.09E-03
+51.00E-03,-610.16E-03,+296.09E-03
+52.00E-03,-608.20E-03,+296.09E-03
+53.00E-03,-610.16E-03,+296.09E-03
+54.00E-03,-609.18E-03,+346.88E-03
+55.00E-03,-609.18E-03,+350.78E-03
+56.00E-03,-610.16E-03,+350.78E-03
+57.00E-03,-608.20E-03,+350.78E-03
+58.00E-03,-610.16E-03,+350.78E-03
+59.00E-03,-608.20E-03,+397.66E-03
+60.00E-03,-611.13E-03,+401.56E-03
+61.00E-03,-607.23E-03,+401.56E-03
+62.00E-03,-612.11E-03,+401.56E-03
+63.00E-03,-606.25E-03,+405.47E-03
+64.00E-03,-612.11E-03,+456.25E-03
+65.00E-03,-606.25E-03,+456.25E-03
+66.00E-03,-614.06E-03,+456.25E-03
+67.00E-03,-607.23E-03,+456.25E-03
+68.00E-03,-615.04E-03,+464.06E-03
+69.00E-03,-607.23E-03,+507.03E-03
+70.00E-03,-614.06E-03,+507.03E-03
+71.00E-03,-605.27E-03,+510.94E-03
+72.00E-03,-614.06E-03,+510.94E-03
+73.00E-03,-605.27E-03,+514.84E-03
+74.00E-03,-614.06E-03,+565.63E-03
+75.00E-03,-605.27E-03,+565.63E-03
+76.00E-03,-614.06E-03,+565.63E-03
+77.00E-03,-605.27E-03,+565.63E-03
+78.00E-03,-613.09E-03,+573.44E-03
+79.00E-03,-605.27E-03,+620.31E-03
+80.00E-03,-613.09E-03,+620.31E-03
+81.00E-03,-606.25E-03,+620.31E-03
+82.00E-03,-612.11E-03,+620.31E-03
+83.00E-03,-606.25E-03,+632.03E-03
+84.00E-03,-611.13E-03,+675.00E-03
+85.00E-03,-607.23E-03,+675.00E-03
+86.00E-03,-611.13E-03,+675.00E-03
+87.00E-03,-607.23E-03,+675.00E-03
+88.00E-03,-610.16E-03,+690.63E-03
+89.00E-03,-608.20E-03,+725.78E-03
+90.00E-03,-610.16E-03,+721.88E-03
+91.00E-03,-609.18E-03,+721.88E-03
+92.00E-03,-609.18E-03,+721.88E-03
+93.00E-03,-609.18E-03,+745.31E-03
+94.00E-03,-609.18E-03,+776.56E-03
+95.00E-03,-610.16E-03,+776.56E-03
+96.00E-03,-608.20E-03,+776.56E-03
+97.00E-03,-612.11E-03,+776.56E-03
+98.00E-03,-610.16E-03,+803.91E-03
+99.00E-03,-614.06E-03,+827.34E-03
+100.00E-03,-609.18E-03,+827.34E-03
+101.00E-03,-612.11E-03,+827.34E-03
+102.00E-03,-606.25E-03,+827.34E-03
+103.00E-03,-612.11E-03,+858.59E-03
+104.00E-03,-605.27E-03,+882.03E-03
+105.00E-03,-613.09E-03,+882.03E-03
+106.00E-03,-605.27E-03,+882.03E-03
+107.00E-03,-613.09E-03,+882.03E-03
+108.00E-03,-605.27E-03,+921.09E-03
+109.00E-03,-613.09E-03,+936.72E-03
+110.00E-03,-605.27E-03,+936.72E-03
+111.00E-03,-613.09E-03,+936.72E-03
+112.00E-03,-605.27E-03,+936.72E-03
+113.00E-03,-613.09E-03,+979.69E-03
+114.00E-03,-605.27E-03,+987.50E-03
+115.00E-03,-613.09E-03,+987.50E-03
+116.00E-03,-606.25E-03,+987.50E-03
+117.00E-03,-613.09E-03,+987.50E-03
+118.00E-03,-606.25E-03,+1.03438E+00
+119.00E-03,-612.11E-03,+1.03828E+00
+120.00E-03,-607.23E-03,+1.03828E+00
+121.00E-03,-613.09E-03,+1.03828E+00
+122.00E-03,-609.18E-03,+1.04219E+00
+123.00E-03,-614.06E-03,+1.08906E+00
+124.00E-03,-610.16E-03,+1.08906E+00
+125.00E-03,-612.11E-03,+1.08906E+00
+126.00E-03,-609.18E-03,+1.08906E+00
+127.00E-03,-610.16E-03,+1.09297E+00
+128.00E-03,-609.18E-03,+1.14375E+00
+129.00E-03,-609.18E-03,+1.14375E+00
+130.00E-03,-610.16E-03,+1.14375E+00
+131.00E-03,-610.16E-03,+1.14375E+00
+132.00E-03,-611.13E-03,+1.14766E+00
+133.00E-03,-609.18E-03,+1.19063E+00
+134.00E-03,-611.13E-03,+1.19063E+00
+135.00E-03,-608.20E-03,+1.19063E+00
+136.00E-03,-612.11E-03,+1.19063E+00
+137.00E-03,-608.20E-03,+1.20234E+00
+138.00E-03,-612.11E-03,+1.24531E+00
+139.00E-03,-607.23E-03,+1.24531E+00
+140.00E-03,-613.09E-03,+1.24531E+00
+141.00E-03,-606.25E-03,+1.24531E+00
+142.00E-03,-613.09E-03,+1.26094E+00
+143.00E-03,-606.25E-03,+1.29609E+00
+144.00E-03,-613.09E-03,+1.29609E+00
+145.00E-03,-605.27E-03,+1.29609E+00
+146.00E-03,-614.06E-03,+1.29609E+00
+147.00E-03,-606.25E-03,+1.31563E+00
+148.00E-03,-613.09E-03,+1.35078E+00
+149.00E-03,-605.27E-03,+1.35078E+00
+150.00E-03,-613.09E-03,+1.35078E+00
+151.00E-03,-606.25E-03,+1.35078E+00
+152.00E-03,-613.09E-03,+1.37813E+00
+153.00E-03,-606.25E-03,+1.40547E+00
+154.00E-03,-613.09E-03,+1.40547E+00
+155.00E-03,-607.23E-03,+1.40547E+00
+156.00E-03,-613.09E-03,+1.40547E+00
+157.00E-03,-607.23E-03,+1.44063E+00
+158.00E-03,-612.11E-03,+1.46406E+00
+159.00E-03,-608.20E-03,+1.46406E+00
+160.00E-03,-612.11E-03,+1.46406E+00
+161.00E-03,-609.18E-03,+1.46406E+00
+162.00E-03,-611.13E-03,+1.49922E+00
+163.00E-03,-609.18E-03,+1.51484E+00
+164.00E-03,-610.16E-03,+1.51484E+00
+165.00E-03,-609.18E-03,+1.51484E+00
+166.00E-03,-610.16E-03,+1.51484E+00
+167.00E-03,-610.16E-03,+1.55781E+00
+168.00E-03,-610.16E-03,+1.56563E+00
+169.00E-03,-610.16E-03,+1.56563E+00
+170.00E-03,-610.16E-03,+1.56563E+00
+171.00E-03,-612.11E-03,+1.56953E+00
+172.00E-03,-609.18E-03,+1.61250E+00
+173.00E-03,-613.09E-03,+1.61641E+00
+174.00E-03,-608.20E-03,+1.61641E+00
+175.00E-03,-613.09E-03,+1.61641E+00
+176.00E-03,-607.23E-03,+1.62031E+00
+177.00E-03,-612.11E-03,+1.66719E+00
+178.00E-03,-606.25E-03,+1.66719E+00
+179.00E-03,-613.09E-03,+1.66719E+00
+180.00E-03,-606.25E-03,+1.66719E+00
+181.00E-03,-613.09E-03,+1.67109E+00
+182.00E-03,-606.25E-03,+1.71797E+00
+183.00E-03,-613.09E-03,+1.71797E+00
+184.00E-03,-606.25E-03,+1.71797E+00
+185.00E-03,-613.09E-03,+1.71797E+00
+186.00E-03,-606.25E-03,+1.72969E+00
+187.00E-03,-613.09E-03,+1.78047E+00
+188.00E-03,-606.25E-03,+1.78047E+00
+189.00E-03,-613.09E-03,+1.78047E+00
+190.00E-03,-606.25E-03,+1.78047E+00
+191.00E-03,-612.11E-03,+1.79609E+00
+192.00E-03,-606.25E-03,+1.83516E+00
+193.00E-03,-612.11E-03,+1.83516E+00
+194.00E-03,-606.25E-03,+1.83516E+00
+195.00E-03,-612.11E-03,+1.83516E+00
+196.00E-03,-608.20E-03,+1.85469E+00
+197.00E-03,-611.13E-03,+1.88594E+00
+198.00E-03,-608.20E-03,+1.88594E+00
+199.00E-03,-611.13E-03,+1.88594E+00
+200.00E-03,-609.18E-03,+1.88984E+00
+201.00E-03,-611.13E-03,+1.91328E+00
+202.00E-03,-610.16E-03,+1.93672E+00
+203.00E-03,-612.11E-03,+1.93672E+00
+204.00E-03,-613.09E-03,+1.94063E+00
+205.00E-03,-611.13E-03,+1.94063E+00
+206.00E-03,-611.13E-03,+1.96797E+00
+207.00E-03,-609.18E-03,+1.99531E+00
+208.00E-03,-611.13E-03,+1.99531E+00
+209.00E-03,-608.20E-03,+1.99531E+00
+210.00E-03,-612.11E-03,+1.99531E+00
+211.00E-03,-608.20E-03,+2.03047E+00
+212.00E-03,-612.11E-03,+2.04609E+00
+213.00E-03,-607.23E-03,+2.04609E+00
+214.00E-03,-612.11E-03,+2.04609E+00
+215.00E-03,-607.23E-03,+2.04609E+00
+216.00E-03,-612.11E-03,+2.08516E+00
+217.00E-03,-606.25E-03,+2.10078E+00
+218.00E-03,-613.09E-03,+2.10078E+00
+219.00E-03,-607.23E-03,+2.10078E+00
+220.00E-03,-614.06E-03,+2.10078E+00
+221.00E-03,-608.20E-03,+2.14375E+00
+222.00E-03,-615.04E-03,+2.15156E+00
+223.00E-03,-608.20E-03,+2.15156E+00
+224.00E-03,-615.04E-03,+2.15156E+00
+225.00E-03,-608.20E-03,+2.15156E+00
+226.00E-03,-615.04E-03,+2.19453E+00
+227.00E-03,-609.18E-03,+2.19844E+00
+228.00E-03,-616.02E-03,+2.19844E+00
+229.00E-03,-610.16E-03,+2.19844E+00
+230.00E-03,-615.04E-03,+2.20234E+00
+231.00E-03,-612.11E-03,+2.24922E+00
+232.00E-03,-616.02E-03,+2.25703E+00
+233.00E-03,-612.11E-03,+2.25703E+00
+234.00E-03,-615.04E-03,+2.25313E+00
+235.00E-03,-613.09E-03,+2.25703E+00
+236.00E-03,-615.04E-03,+2.30781E+00
+237.00E-03,-614.06E-03,+2.30781E+00
+238.00E-03,-615.04E-03,+2.30781E+00
+239.00E-03,-614.06E-03,+2.30781E+00
+240.00E-03,-616.99E-03,+2.31172E+00
+241.00E-03,-621.88E-03,+2.35859E+00
+242.00E-03,-619.92E-03,+2.36250E+00
+243.00E-03,-621.88E-03,+2.36250E+00
+244.00E-03,-619.92E-03,+2.36250E+00
+245.00E-03,-632.62E-03,+2.37031E+00
+246.00E-03,-637.50E-03,+2.41328E+00
+247.00E-03,-640.43E-03,+2.41328E+00
+248.00E-03,-637.50E-03,+2.41328E+00
+249.00E-03,-641.41E-03,+2.41719E+00
+250.00E-03,-645.31E-03,+2.43281E+00
+251.00E-03,-653.13E-03,+2.47188E+00
+252.00E-03,-648.24E-03,+2.47188E+00
+253.00E-03,-653.13E-03,+2.47188E+00
+254.00E-03,-648.24E-03,+2.47188E+00
+255.00E-03,-688.28E-03,+2.48359E+00
+256.00E-03,-754.69E-03,+2.52266E+00
+257.00E-03,-758.59E-03,+2.52266E+00
+258.00E-03,-754.69E-03,+2.52266E+00
+259.00E-03,-757.62E-03,+2.52266E+00
+260.00E-03,-777.15E-03,+2.54219E+00
+261.00E-03,-789.84E-03,+2.57734E+00
+262.00E-03,-787.89E-03,+2.57734E+00
+263.00E-03,-789.84E-03,+2.57734E+00
+264.00E-03,-787.89E-03,+2.57734E+00
+265.00E-03,-1.00273E+00,+2.60078E+00
+266.00E-03,-1.05840E+00,+2.63203E+00
+267.00E-03,-1.05938E+00,+2.63203E+00
+268.00E-03,-1.05840E+00,+2.63203E+00
+269.00E-03,-1.05938E+00,+2.63203E+00
+270.00E-03,-1.17949E+00,+2.66328E+00
+271.00E-03,-1.19805E+00,+2.68672E+00
+272.00E-03,-1.19707E+00,+2.68672E+00
+273.00E-03,-1.19805E+00,+2.68672E+00
+274.00E-03,-1.20195E+00,+2.68672E+00
+275.00E-03,-1.43535E+00,+2.71797E+00
+276.00E-03,-1.45293E+00,+2.73750E+00
+277.00E-03,-1.45391E+00,+2.73750E+00
+278.00E-03,-1.45391E+00,+2.73750E+00
+279.00E-03,-1.46367E+00,+2.73750E+00
+280.00E-03,-1.57207E+00,+2.77656E+00
+281.00E-03,-1.57402E+00,+2.79219E+00
+282.00E-03,-1.57402E+00,+2.79219E+00
+283.00E-03,-1.57402E+00,+2.79219E+00
+284.00E-03,-1.58965E+00,+2.79219E+00
+285.00E-03,-1.67168E+00,+2.83516E+00
+286.00E-03,-1.67070E+00,+2.84297E+00
+287.00E-03,-1.67070E+00,+2.84297E+00
+288.00E-03,-1.67070E+00,+2.84297E+00
+289.00E-03,-1.68633E+00,+2.84688E+00
+290.00E-03,-1.73027E+00,+2.89375E+00
+291.00E-03,-1.72930E+00,+2.89766E+00
+292.00E-03,-1.73027E+00,+2.89766E+00
+293.00E-03,-1.72930E+00,+2.89766E+00
+294.00E-03,-1.73711E+00,+2.90156E+00
+295.00E-03,-1.75078E+00,+2.94844E+00
+296.00E-03,-1.75078E+00,+2.95234E+00
+297.00E-03,-1.75078E+00,+2.95234E+00
+298.00E-03,-1.75078E+00,+2.95234E+00
+299.00E-03,-1.75957E+00,+2.95625E+00
+300.00E-03,-1.77031E+00,+3.00703E+00
+301.00E-03,-1.76934E+00,+3.00703E+00
+302.00E-03,-1.77031E+00,+3.00703E+00
+303.00E-03,-1.76934E+00,+3.00703E+00
+304.00E-03,-1.77617E+00,+3.01875E+00
+305.00E-03,-1.78105E+00,+3.06172E+00
+306.00E-03,-1.78105E+00,+3.06172E+00
+307.00E-03,-1.78105E+00,+3.05781E+00
+308.00E-03,-1.78105E+00,+3.05781E+00
+309.00E-03,-1.78594E+00,+3.07344E+00
+310.00E-03,-1.78984E+00,+3.10859E+00
+311.00E-03,-1.78887E+00,+3.10859E+00
+312.00E-03,-1.78984E+00,+3.10859E+00
+313.00E-03,-1.78887E+00,+3.10859E+00
+314.00E-03,-1.79961E+00,+3.13203E+00
+315.00E-03,-1.80254E+00,+3.16328E+00
+316.00E-03,-1.80254E+00,+3.16328E+00
+317.00E-03,-1.80254E+00,+3.16328E+00
+318.00E-03,-1.80254E+00,+3.16328E+00
+319.00E-03,-1.79961E+00,+3.19063E+00
+320.00E-03,-1.79961E+00,+3.21406E+00
+321.00E-03,-1.79863E+00,+3.21406E+00
+322.00E-03,-1.79961E+00,+3.21406E+00
+323.00E-03,-1.79863E+00,+3.21406E+00
+324.00E-03,-1.80938E+00,+3.24531E+00
+325.00E-03,-1.80938E+00,+3.26875E+00
+326.00E-03,-1.80938E+00,+3.26875E+00
+327.00E-03,-1.80938E+00,+3.26875E+00
+328.00E-03,-1.81035E+00,+3.26875E+00
+329.00E-03,-1.81621E+00,+3.30391E+00
+330.00E-03,-1.81719E+00,+3.31953E+00
+331.00E-03,-1.81719E+00,+3.31953E+00
+332.00E-03,-1.81719E+00,+3.31953E+00
+333.00E-03,-1.81719E+00,+3.31953E+00
+334.00E-03,-1.81816E+00,+3.36250E+00
+335.00E-03,-1.81719E+00,+3.37422E+00
+336.00E-03,-1.81816E+00,+3.37031E+00
+337.00E-03,-1.81816E+00,+3.37422E+00
+338.00E-03,-1.81914E+00,+3.37422E+00
+339.00E-03,-1.82109E+00,+3.42109E+00
+340.00E-03,-1.82109E+00,+3.42500E+00
+341.00E-03,-1.82109E+00,+3.42500E+00
+342.00E-03,-1.82109E+00,+3.42500E+00
+343.00E-03,-1.81719E+00,+3.42891E+00
+344.00E-03,-1.81133E+00,+3.47969E+00
+345.00E-03,-1.81035E+00,+3.48359E+00
+346.00E-03,-1.81133E+00,+3.48359E+00
+347.00E-03,-1.81035E+00,+3.48359E+00
+348.00E-03,-1.81719E+00,+3.48750E+00
+349.00E-03,-1.82500E+00,+3.53047E+00
+350.00E-03,-1.82500E+00,+3.53438E+00
+351.00E-03,-1.82500E+00,+3.53438E+00
+352.00E-03,-1.82598E+00,+3.53438E+00
+353.00E-03,-1.46270E+00,+3.53828E+00
+354.00E-03,-1.82207E+00,+3.58906E+00
+355.00E-03,-1.82207E+00,+3.58906E+00
+356.00E-03,-1.82207E+00,+3.58906E+00
+357.00E-03,-1.82207E+00,+3.58906E+00
+358.00E-03,-1.82305E+00,+3.59688E+00
+359.00E-03,-1.82500E+00,+3.63984E+00
+360.00E-03,-1.82500E+00,+3.63984E+00
+361.00E-03,-1.82500E+00,+3.63984E+00
+362.00E-03,-1.82500E+00,+3.63984E+00
+363.00E-03,-1.82500E+00,+3.65547E+00
+364.00E-03,-1.82500E+00,+3.69453E+00
+365.00E-03,-1.82500E+00,+3.69453E+00
+366.00E-03,-1.82500E+00,+3.69453E+00
+367.00E-03,-1.82500E+00,+3.69453E+00
+368.00E-03,-1.82109E+00,+3.71406E+00
+369.00E-03,-1.82012E+00,+3.74922E+00
+370.00E-03,-1.82012E+00,+3.74922E+00
+371.00E-03,-1.82012E+00,+3.74922E+00
+372.00E-03,-1.82012E+00,+3.74922E+00
+373.00E-03,-1.82207E+00,+3.77266E+00
+374.00E-03,-1.82305E+00,+3.80391E+00
+375.00E-03,-1.82305E+00,+3.80391E+00
+376.00E-03,-1.82305E+00,+3.80391E+00
+377.00E-03,-1.82305E+00,+3.80391E+00
+378.00E-03,-1.82109E+00,+3.83125E+00
+379.00E-03,-1.82109E+00,+3.85469E+00
+380.00E-03,-1.82109E+00,+3.85469E+00
+381.00E-03,-1.82109E+00,+3.85469E+00
+382.00E-03,-1.82109E+00,+3.85469E+00
+383.00E-03,-1.81328E+00,+3.89375E+00
+384.00E-03,-1.81230E+00,+3.90938E+00
+385.00E-03,-1.81230E+00,+3.90938E+00
+386.00E-03,-1.81230E+00,+3.90938E+00
+387.00E-03,-1.81230E+00,+3.90938E+00
+388.00E-03,-1.81621E+00,+3.95234E+00
+389.00E-03,-1.81621E+00,+3.96406E+00
+390.00E-03,-1.81621E+00,+3.96406E+00
+391.00E-03,-1.81621E+00,+3.96406E+00
+392.00E-03,-1.81426E+00,+3.96406E+00
+393.00E-03,-1.80938E+00,+4.01094E+00
+394.00E-03,-1.80840E+00,+4.01875E+00
+395.00E-03,-1.80938E+00,+4.01875E+00
+396.00E-03,-1.80840E+00,+4.01875E+00
+397.00E-03,-1.80645E+00,+4.02266E+00
+398.00E-03,-1.80059E+00,+4.06563E+00
+399.00E-03,-1.80156E+00,+4.06953E+00
+400.00E-03,-1.80059E+00,+4.06953E+00
+401.00E-03,-1.80156E+00,+4.06953E+00
+402.00E-03,-1.80156E+00,+4.07344E+00
+403.00E-03,-1.80254E+00,+4.12031E+00
+404.00E-03,-1.80156E+00,+4.12422E+00
+405.00E-03,-1.80254E+00,+4.12422E+00
+406.00E-03,-1.80156E+00,+4.12422E+00
+407.00E-03,-1.79473E+00,+4.13203E+00
+408.00E-03,-1.78496E+00,+4.17500E+00
+409.00E-03,-1.78594E+00,+4.17500E+00
+410.00E-03,-1.78496E+00,+4.17500E+00
+411.00E-03,-1.78594E+00,+4.17500E+00
+412.00E-03,-1.78691E+00,+4.18672E+00
+413.00E-03,-1.78984E+00,+4.22578E+00
+414.00E-03,-1.78887E+00,+4.22578E+00
+415.00E-03,-1.78887E+00,+4.22578E+00
+416.00E-03,-1.78887E+00,+4.22969E+00
+417.00E-03,-1.78203E+00,+4.24531E+00
+418.00E-03,-1.77715E+00,+4.28438E+00
+419.00E-03,-1.77715E+00,+4.28438E+00
+420.00E-03,-1.77715E+00,+4.28438E+00
+421.00E-03,-1.77715E+00,+4.28438E+00
+422.00E-03,-1.77422E+00,+4.30781E+00
+423.00E-03,-1.77422E+00,+4.34297E+00
+424.00E-03,-1.77324E+00,+4.33906E+00
+425.00E-03,-1.77422E+00,+4.33906E+00
+426.00E-03,-1.77324E+00,+4.33906E+00
+427.00E-03,-1.77813E+00,+4.37031E+00
+428.00E-03,-1.77813E+00,+4.40156E+00
+429.00E-03,-1.77813E+00,+4.40156E+00
+430.00E-03,-1.77813E+00,+4.40156E+00
+431.00E-03,-1.77813E+00,+4.40156E+00
+432.00E-03,-1.76348E+00,+4.43281E+00
+433.00E-03,-1.76152E+00,+4.45234E+00
+434.00E-03,-1.76152E+00,+4.45234E+00
+435.00E-03,-1.76152E+00,+4.45234E+00
+436.00E-03,-1.76152E+00,+4.45234E+00
+437.00E-03,-1.75469E+00,+4.49141E+00
+438.00E-03,-1.75371E+00,+4.50703E+00
+439.00E-03,-1.75371E+00,+4.50703E+00
+440.00E-03,-1.75469E+00,+4.50703E+00
+441.00E-03,-1.75273E+00,+4.50703E+00
+442.00E-03,-1.74590E+00,+4.54609E+00
+443.00E-03,-1.74590E+00,+4.55781E+00
+444.00E-03,-1.74590E+00,+4.55781E+00
+445.00E-03,-1.74590E+00,+4.55781E+00
+446.00E-03,-1.73516E+00,+4.55781E+00
+447.00E-03,-1.70195E+00,+4.60469E+00
+448.00E-03,-1.70195E+00,+4.60859E+00
+449.00E-03,-1.70195E+00,+4.60859E+00
+450.00E-03,-1.70195E+00,+4.60859E+00
+451.00E-03,-1.69609E+00,+4.61250E+00
+452.00E-03,-1.68438E+00,+4.65938E+00
+453.00E-03,-1.68438E+00,+4.65938E+00
+454.00E-03,-1.68438E+00,+4.65938E+00
+455.00E-03,-1.68438E+00,+4.65938E+00
+456.00E-03,-1.66289E+00,+4.66719E+00
+457.00E-03,-1.63164E+00,+4.71797E+00
+458.00E-03,-1.63262E+00,+4.71797E+00
+459.00E-03,-1.63164E+00,+4.71797E+00
+460.00E-03,-1.63164E+00,+4.71797E+00
+461.00E-03,-1.58770E+00,+4.72969E+00
+462.00E-03,-1.54277E+00,+4.77656E+00
+463.00E-03,-1.54180E+00,+4.77656E+00
+464.00E-03,-1.54277E+00,+4.77266E+00
+465.00E-03,-1.54277E+00,+4.77266E+00
+466.00E-03,-1.53105E+00,+4.78828E+00
+467.00E-03,-1.52422E+00,+4.82734E+00
+468.00E-03,-1.52520E+00,+4.82734E+00
+469.00E-03,-1.52422E+00,+4.82734E+00
+470.00E-03,-1.52520E+00,+4.82734E+00
+471.00E-03,-1.40508E+00,+4.84688E+00
+472.00E-03,-1.35332E+00,+4.87813E+00
+473.00E-03,-1.35332E+00,+4.87813E+00
+474.00E-03,-1.35332E+00,+4.87813E+00
+475.00E-03,-1.35332E+00,+4.87813E+00
+476.00E-03,-1.32891E+00,+4.90156E+00
+477.00E-03,-1.32109E+00,+4.92891E+00
+478.00E-03,-1.32207E+00,+4.92891E+00
+479.00E-03,-1.32109E+00,+4.92891E+00
+480.00E-03,-1.32012E+00,+4.92891E+00
+481.00E-03,-1.20000E+00,+4.95625E+00
+482.00E-03,-1.18340E+00,+4.97969E+00
+483.00E-03,-1.18242E+00,+4.97969E+00
+484.00E-03,-1.18340E+00,+4.97969E+00
+485.00E-03,-1.17852E+00,+4.97969E+00
+486.00E-03,-1.07891E+00,+5.01484E+00
+487.00E-03,-1.07109E+00,+5.03047E+00
+488.00E-03,-1.07207E+00,+5.03047E+00
+489.00E-03,-1.07109E+00,+5.03047E+00
+490.00E-03,-1.06719E+00,+5.03047E+00
+491.00E-03,-1.01836E+00,+5.06953E+00
+492.00E-03,-1.01934E+00,+5.08516E+00
+493.00E-03,-1.01836E+00,+5.08125E+00
+494.00E-03,-1.01934E+00,+5.08125E+00
+495.00E-03,-994.92E-03,+5.08516E+00
+496.00E-03,-885.55E-03,+5.12813E+00
+497.00E-03,-882.62E-03,+5.13594E+00
+498.00E-03,-884.57E-03,+5.13984E+00
+499.00E-03,-883.59E-03,+5.13594E+00
+500.00E-03,-815.23E-03,+5.13984E+00
+501.00E-03,-872.85E-03,+5.18281E+00
+502.00E-03,-887.50E-03,+5.19453E+00
+503.00E-03,-886.52E-03,+5.19453E+00
+504.00E-03,-886.52E-03,+5.19453E+00
+505.00E-03,-860.16E-03,+5.19844E+00
+506.00E-03,-782.03E-03,+5.24531E+00
+507.00E-03,-783.01E-03,+5.24922E+00
+508.00E-03,-782.03E-03,+5.24922E+00
+509.00E-03,-783.01E-03,+5.24922E+00
+510.00E-03,-773.24E-03,+5.25313E+00
+511.00E-03,-759.57E-03,+5.30391E+00
+512.00E-03,-757.62E-03,+5.30391E+00
+513.00E-03,-759.57E-03,+5.30391E+00
+514.00E-03,-757.62E-03,+5.30391E+00
+515.00E-03,-752.73E-03,+5.31172E+00
+516.00E-03,-739.06E-03,+5.35469E+00
+517.00E-03,-742.97E-03,+5.35469E+00
+518.00E-03,-738.09E-03,+5.35469E+00
+519.00E-03,-741.99E-03,+5.35469E+00
+520.00E-03,-708.79E-03,+5.36641E+00
+521.00E-03,-695.12E-03,+5.40547E+00
+522.00E-03,-689.26E-03,+5.40547E+00
+523.00E-03,-695.12E-03,+5.40547E+00
+524.00E-03,-689.26E-03,+5.40547E+00
+525.00E-03,-671.68E-03,+5.41719E+00
+526.00E-03,-689.26E-03,+5.45625E+00
+527.00E-03,-696.09E-03,+5.45625E+00
+528.00E-03,-690.23E-03,+5.45625E+00
+529.00E-03,-696.09E-03,+5.45625E+00
+530.00E-03,-668.75E-03,+5.47578E+00
+531.00E-03,-665.82E-03,+5.51094E+00
+532.00E-03,-658.98E-03,+5.50703E+00
+533.00E-03,-665.82E-03,+5.51094E+00
+534.00E-03,-659.96E-03,+5.50703E+00
+535.00E-03,-661.91E-03,+5.53047E+00
+536.00E-03,-656.05E-03,+5.56172E+00
+537.00E-03,-660.94E-03,+5.56172E+00
+538.00E-03,-657.03E-03,+5.56172E+00
+539.00E-03,-660.94E-03,+5.56172E+00
+540.00E-03,-651.17E-03,+5.59297E+00
+541.00E-03,-653.13E-03,+5.62031E+00
+542.00E-03,-651.17E-03,+5.62031E+00
+543.00E-03,-651.17E-03,+5.62031E+00
+544.00E-03,-649.22E-03,+5.62031E+00
+545.00E-03,-636.52E-03,+5.65156E+00
+546.00E-03,-636.52E-03,+5.67109E+00
+547.00E-03,-635.55E-03,+5.67109E+00
+548.00E-03,-636.52E-03,+5.67109E+00
+549.00E-03,-634.57E-03,+5.67109E+00
+550.00E-03,-639.45E-03,+5.71406E+00
+551.00E-03,-636.52E-03,+5.72578E+00
+552.00E-03,-639.45E-03,+5.72578E+00
+553.00E-03,-635.55E-03,+5.72578E+00
+554.00E-03,-638.48E-03,+5.72578E+00
+555.00E-03,-624.80E-03,+5.76875E+00
+556.00E-03,-630.66E-03,+5.77656E+00
+557.00E-03,-623.83E-03,+5.77656E+00
+558.00E-03,-630.66E-03,+5.77656E+00
+559.00E-03,-623.83E-03,+5.78047E+00
+560.00E-03,-629.69E-03,+5.82734E+00
+561.00E-03,-621.88E-03,+5.83125E+00
+562.00E-03,-629.69E-03,+5.83125E+00
+563.00E-03,-621.88E-03,+5.83125E+00
+564.00E-03,-628.71E-03,+5.83516E+00
+565.00E-03,-618.95E-03,+5.88203E+00
+566.00E-03,-627.73E-03,+5.88594E+00
+567.00E-03,-619.92E-03,+5.88594E+00
+568.00E-03,-627.73E-03,+5.88594E+00
+569.00E-03,-617.97E-03,+5.88984E+00
+570.00E-03,-622.85E-03,+5.93672E+00
+571.00E-03,-616.02E-03,+5.93672E+00
+572.00E-03,-622.85E-03,+5.93672E+00
+573.00E-03,-616.02E-03,+5.93672E+00
+574.00E-03,-622.85E-03,+5.94844E+00
+575.00E-03,-616.99E-03,+5.98359E+00
+576.00E-03,-621.88E-03,+5.98359E+00
+577.00E-03,-617.97E-03,+5.98359E+00
+578.00E-03,-621.88E-03,+5.98359E+00
+579.00E-03,-616.02E-03,+5.99922E+00
+580.00E-03,-616.99E-03,+6.03438E+00
+581.00E-03,-615.04E-03,+6.03438E+00
+582.00E-03,-616.02E-03,+6.03438E+00
+583.00E-03,-616.02E-03,+6.03438E+00
+584.00E-03,-615.04E-03,+6.05781E+00
+585.00E-03,-616.02E-03,+6.08516E+00
+586.00E-03,-614.06E-03,+6.08516E+00
+587.00E-03,-616.99E-03,+6.08516E+00
+588.00E-03,-614.06E-03,+6.08516E+00
+589.00E-03,-617.97E-03,+6.11641E+00
+590.00E-03,-614.06E-03,+6.13984E+00
+591.00E-03,-618.95E-03,+6.13984E+00
+592.00E-03,-612.11E-03,+6.13984E+00
+593.00E-03,-617.97E-03,+6.13984E+00
+594.00E-03,-610.16E-03,+6.17109E+00
+595.00E-03,-616.02E-03,+6.19063E+00
+596.00E-03,-609.18E-03,+6.19063E+00
+597.00E-03,-616.02E-03,+6.19063E+00
+598.00E-03,-609.18E-03,+6.19063E+00
+599.00E-03,-617.97E-03,+6.22578E+00
+600.00E-03,-609.18E-03,+6.24141E+00
+601.00E-03,-617.97E-03,+6.24141E+00
+602.00E-03,-609.18E-03,+6.24141E+00
+603.00E-03,-616.99E-03,+6.24141E+00
+604.00E-03,-607.23E-03,+6.28047E+00
+605.00E-03,-616.02E-03,+6.28828E+00
+606.00E-03,-608.20E-03,+6.28828E+00
+607.00E-03,-616.02E-03,+6.28828E+00
+608.00E-03,-608.20E-03,+6.28828E+00
+609.00E-03,-615.04E-03,+6.32734E+00
+610.00E-03,-608.20E-03,+6.33516E+00
+611.00E-03,-615.04E-03,+6.33516E+00
+612.00E-03,-609.18E-03,+6.33516E+00
+613.00E-03,-614.06E-03,+6.33516E+00
+614.00E-03,-609.18E-03,+6.38594E+00
+615.00E-03,-613.09E-03,+6.38984E+00
+616.00E-03,-609.18E-03,+6.38984E+00
+617.00E-03,-613.09E-03,+6.38984E+00
+618.00E-03,-610.16E-03,+6.39766E+00
+619.00E-03,-613.09E-03,+6.44063E+00
+620.00E-03,-612.11E-03,+6.44063E+00
+621.00E-03,-613.09E-03,+6.44063E+00
+622.00E-03,-613.09E-03,+6.44063E+00
+623.00E-03,-612.11E-03,+6.45234E+00
+624.00E-03,-612.11E-03,+6.49531E+00
+625.00E-03,-610.16E-03,+6.49531E+00
+626.00E-03,-612.11E-03,+6.49531E+00
+627.00E-03,-609.18E-03,+6.49531E+00
+628.00E-03,-612.11E-03,+6.51094E+00
+629.00E-03,-608.20E-03,+6.54609E+00
+630.00E-03,-613.09E-03,+6.54609E+00
+631.00E-03,-608.20E-03,+6.54609E+00
+632.00E-03,-614.06E-03,+6.54609E+00
+633.00E-03,-607.23E-03,+6.56563E+00
+634.00E-03,-614.06E-03,+6.60078E+00
+635.00E-03,-607.23E-03,+6.60078E+00
+636.00E-03,-614.06E-03,+6.60078E+00
+637.00E-03,-606.25E-03,+6.60078E+00
+638.00E-03,-614.06E-03,+6.62422E+00
+639.00E-03,-605.27E-03,+6.65156E+00
+640.00E-03,-614.06E-03,+6.65156E+00
+641.00E-03,-606.25E-03,+6.65156E+00
+642.00E-03,-615.04E-03,+6.65156E+00
+643.00E-03,-607.23E-03,+6.68281E+00
+644.00E-03,-616.02E-03,+6.70625E+00
+645.00E-03,-608.20E-03,+6.71016E+00
+646.00E-03,-616.02E-03,+6.70625E+00
+647.00E-03,-608.20E-03,+6.71016E+00
+648.00E-03,-614.06E-03,+6.74531E+00
+649.00E-03,-607.23E-03,+6.76094E+00
+650.00E-03,-613.09E-03,+6.76094E+00
+651.00E-03,-607.23E-03,+6.76094E+00
+652.00E-03,-612.11E-03,+6.76094E+00
+653.00E-03,-607.23E-03,+6.80391E+00
+654.00E-03,-611.13E-03,+6.81953E+00
+655.00E-03,-608.20E-03,+6.81953E+00
+656.00E-03,-611.13E-03,+6.81953E+00
+657.00E-03,-609.18E-03,+6.81953E+00
+658.00E-03,-610.16E-03,+6.86250E+00
+659.00E-03,-609.18E-03,+6.87031E+00
+660.00E-03,-609.18E-03,+6.87031E+00
+661.00E-03,-610.16E-03,+6.87031E+00
+662.00E-03,-609.18E-03,+6.87031E+00
+663.00E-03,-610.16E-03,+6.92109E+00
+664.00E-03,-608.20E-03,+6.92500E+00
+665.00E-03,-611.13E-03,+6.92500E+00
+666.00E-03,-608.20E-03,+6.92500E+00
+667.00E-03,-612.11E-03,+6.92500E+00
+668.00E-03,-607.23E-03,+6.97188E+00
+669.00E-03,-612.11E-03,+6.97188E+00
+670.00E-03,-607.23E-03,+6.97188E+00
+671.00E-03,-613.09E-03,+6.97188E+00
+672.00E-03,-606.25E-03,+6.97969E+00
+673.00E-03,-613.09E-03,+7.02656E+00
+674.00E-03,-606.25E-03,+7.02656E+00
+675.00E-03,-614.06E-03,+7.02656E+00
+676.00E-03,-606.25E-03,+7.02656E+00
+677.00E-03,-614.06E-03,+7.03828E+00
+678.00E-03,-606.25E-03,+7.07734E+00
+679.00E-03,-614.06E-03,+7.07734E+00
+680.00E-03,-606.25E-03,+7.07734E+00
+681.00E-03,-613.09E-03,+7.07734E+00
+682.00E-03,-606.25E-03,+7.09688E+00
+683.00E-03,-613.09E-03,+7.13203E+00
+684.00E-03,-606.25E-03,+7.13203E+00
+685.00E-03,-613.09E-03,+7.13203E+00
+686.00E-03,-606.25E-03,+7.13203E+00
+687.00E-03,-613.09E-03,+7.15547E+00
+688.00E-03,-607.23E-03,+7.18672E+00
+689.00E-03,-612.11E-03,+7.18672E+00
+690.00E-03,-607.23E-03,+7.18672E+00
+691.00E-03,-612.11E-03,+7.18672E+00
+692.00E-03,-608.20E-03,+7.21797E+00
+693.00E-03,-613.09E-03,+7.24141E+00
+694.00E-03,-609.18E-03,+7.24141E+00
+695.00E-03,-613.09E-03,+7.24141E+00
+696.00E-03,-610.16E-03,+7.24141E+00
+697.00E-03,-610.16E-03,+7.26875E+00
+698.00E-03,-610.16E-03,+7.29219E+00
+699.00E-03,-610.16E-03,+7.29219E+00
+700.00E-03,-610.16E-03,+7.29219E+00
+701.00E-03,-608.20E-03,+7.29219E+00
+702.00E-03,-610.16E-03,+7.32344E+00
+703.00E-03,-608.20E-03,+7.34297E+00
+704.00E-03,-611.13E-03,+7.34297E+00
+705.00E-03,-608.20E-03,+7.34297E+00
+706.00E-03,-612.11E-03,+7.34297E+00
+707.00E-03,-607.23E-03,+7.38203E+00
+708.00E-03,-612.11E-03,+7.39766E+00
+709.00E-03,-606.25E-03,+7.39766E+00
+710.00E-03,-612.11E-03,+7.39766E+00
+711.00E-03,-606.25E-03,+7.39766E+00
+712.00E-03,-613.09E-03,+7.43672E+00
+713.00E-03,-606.25E-03,+7.44453E+00
+714.00E-03,-613.09E-03,+7.44453E+00
+715.00E-03,-606.25E-03,+7.44453E+00
+716.00E-03,-613.09E-03,+7.44844E+00
+717.00E-03,-606.25E-03,+7.49531E+00
+718.00E-03,-613.09E-03,+7.49922E+00
+719.00E-03,-606.25E-03,+7.49922E+00
+720.00E-03,-613.09E-03,+7.49922E+00
+721.00E-03,-606.25E-03,+7.50313E+00
+722.00E-03,-613.09E-03,+7.55000E+00
+723.00E-03,-607.23E-03,+7.55391E+00
+724.00E-03,-614.06E-03,+7.55391E+00
+725.00E-03,-609.18E-03,+7.55391E+00
+726.00E-03,-614.06E-03,+7.56172E+00
+727.00E-03,-608.20E-03,+7.60859E+00
+728.00E-03,-613.09E-03,+7.60859E+00
+729.00E-03,-607.23E-03,+7.60859E+00
+730.00E-03,-611.13E-03,+7.60859E+00
+731.00E-03,-608.20E-03,+7.62031E+00
+732.00E-03,-611.13E-03,+7.65938E+00
+733.00E-03,-608.20E-03,+7.65938E+00
+734.00E-03,-610.16E-03,+7.65938E+00
+735.00E-03,-609.18E-03,+7.65938E+00
+736.00E-03,-610.16E-03,+7.67891E+00
+737.00E-03,-609.18E-03,+7.71797E+00
+738.00E-03,-610.16E-03,+7.71797E+00
+739.00E-03,-610.16E-03,+7.71797E+00
+740.00E-03,-608.20E-03,+7.71797E+00
+741.00E-03,-610.16E-03,+7.74141E+00
+742.00E-03,-608.20E-03,+7.77266E+00
+743.00E-03,-611.13E-03,+7.77266E+00
+744.00E-03,-608.20E-03,+7.77266E+00
+745.00E-03,-611.13E-03,+7.77266E+00
+746.00E-03,-607.23E-03,+7.80000E+00
+747.00E-03,-612.11E-03,+7.82344E+00
+748.00E-03,-608.20E-03,+7.82344E+00
+749.00E-03,-614.06E-03,+7.82344E+00
+750.00E-03,-609.18E-03,+7.82344E+00
+751.00E-03,-615.04E-03,+7.85469E+00
+752.00E-03,-609.18E-03,+7.87422E+00
+753.00E-03,-614.06E-03,+7.87422E+00
+754.00E-03,-606.25E-03,+7.87422E+00
+755.00E-03,-613.09E-03,+7.87031E+00
+756.00E-03,-607.23E-03,+7.91328E+00
+757.00E-03,-614.06E-03,+7.92891E+00
+758.00E-03,-607.23E-03,+7.92891E+00
+759.00E-03,-613.09E-03,+7.92891E+00
+760.00E-03,-606.25E-03,+7.92891E+00
+761.00E-03,-613.09E-03,+7.97578E+00
+762.00E-03,-607.23E-03,+7.98359E+00
+763.00E-03,-613.09E-03,+7.98359E+00
+764.00E-03,-607.23E-03,+7.98359E+00
+765.00E-03,-613.09E-03,+7.98359E+00
+766.00E-03,-608.20E-03,+8.03047E+00
+767.00E-03,-612.11E-03,+8.03828E+00
+768.00E-03,-608.20E-03,+8.03828E+00
+769.00E-03,-611.13E-03,+8.03828E+00
+770.00E-03,-608.20E-03,+8.03828E+00
+771.00E-03,-611.13E-03,+8.08906E+00
+772.00E-03,-609.18E-03,+8.08906E+00
+773.00E-03,-611.13E-03,+8.08906E+00
+774.00E-03,-608.20E-03,+8.08906E+00
+775.00E-03,-610.16E-03,+8.09688E+00
+776.00E-03,-610.16E-03,+8.14766E+00
+777.00E-03,-610.16E-03,+8.14766E+00
+778.00E-03,-610.16E-03,+8.14766E+00
+779.00E-03,-609.18E-03,+8.14766E+00
+780.00E-03,-611.13E-03,+8.15938E+00
+781.00E-03,-609.18E-03,+8.19844E+00
+782.00E-03,-611.13E-03,+8.19844E+00
+783.00E-03,-608.20E-03,+8.19844E+00
+784.00E-03,-612.11E-03,+8.19844E+00
+785.00E-03,-608.20E-03,+8.21406E+00
+786.00E-03,-612.11E-03,+8.25313E+00
+787.00E-03,-607.23E-03,+8.25313E+00
+788.00E-03,-612.11E-03,+8.25313E+00
+789.00E-03,-607.23E-03,+8.25313E+00
+790.00E-03,-612.11E-03,+8.27266E+00
+791.00E-03,-607.23E-03,+8.30391E+00
+792.00E-03,-613.09E-03,+8.30391E+00
+793.00E-03,-607.23E-03,+8.30391E+00
+794.00E-03,-613.09E-03,+8.30391E+00
+795.00E-03,-607.23E-03,+8.33125E+00
+796.00E-03,-613.09E-03,+8.35859E+00
+797.00E-03,-608.20E-03,+8.35859E+00
+798.00E-03,-614.06E-03,+8.35859E+00
+799.00E-03,-609.18E-03,+8.35859E+00
+800.00E-03,-615.04E-03,+8.38984E+00
+801.00E-03,-608.20E-03,+8.40938E+00
+802.00E-03,-612.11E-03,+8.40938E+00
+803.00E-03,-607.23E-03,+8.40938E+00
+804.00E-03,-612.11E-03,+8.40938E+00
+805.00E-03,-607.23E-03,+8.44453E+00
+806.00E-03,-611.13E-03,+8.46016E+00
+807.00E-03,-608.20E-03,+8.46016E+00
+808.00E-03,-611.13E-03,+8.46016E+00
+809.00E-03,-608.20E-03,+8.46016E+00
+810.00E-03,-611.13E-03,+8.50313E+00
+811.00E-03,-609.18E-03,+8.51484E+00
+812.00E-03,-611.13E-03,+8.51484E+00
+813.00E-03,-609.18E-03,+8.51484E+00
+814.00E-03,-610.16E-03,+8.51484E+00
+815.00E-03,-610.16E-03,+8.56172E+00
+816.00E-03,-610.16E-03,+8.56563E+00
+817.00E-03,-610.16E-03,+8.56563E+00
+818.00E-03,-609.18E-03,+8.56563E+00
+819.00E-03,-610.16E-03,+8.56953E+00
+820.00E-03,-609.18E-03,+8.61641E+00
+821.00E-03,-611.13E-03,+8.62031E+00
+822.00E-03,-608.20E-03,+8.62031E+00
+823.00E-03,-611.13E-03,+8.62031E+00
+824.00E-03,-608.20E-03,+8.62422E+00
+825.00E-03,-612.11E-03,+8.67109E+00
+826.00E-03,-608.20E-03,+8.67109E+00
+827.00E-03,-612.11E-03,+8.67109E+00
+828.00E-03,-609.18E-03,+8.67109E+00
+829.00E-03,-614.06E-03,+8.68281E+00
+830.00E-03,-610.16E-03,+8.72969E+00
+831.00E-03,-614.06E-03,+8.72969E+00
+832.00E-03,-608.20E-03,+8.72969E+00
+833.00E-03,-613.09E-03,+8.72969E+00
+834.00E-03,-608.20E-03,+8.74141E+00
+835.00E-03,-613.09E-03,+8.78047E+00
+836.00E-03,-607.23E-03,+8.78047E+00
+837.00E-03,-613.09E-03,+8.78047E+00
+838.00E-03,-608.20E-03,+8.78047E+00
+839.00E-03,-612.11E-03,+8.80000E+00
+840.00E-03,-607.23E-03,+8.83516E+00
+841.00E-03,-612.11E-03,+8.83516E+00
+842.00E-03,-608.20E-03,+8.83516E+00
+843.00E-03,-612.11E-03,+8.83516E+00
+844.00E-03,-609.18E-03,+8.85859E+00
+845.00E-03,-612.11E-03,+8.88594E+00
+846.00E-03,-608.20E-03,+8.88203E+00
+847.00E-03,-612.11E-03,+8.88203E+00
+848.00E-03,-608.20E-03,+8.88203E+00
+849.00E-03,-611.13E-03,+8.91328E+00
+850.00E-03,-609.18E-03,+8.94063E+00
+851.00E-03,-611.13E-03,+8.94063E+00
+852.00E-03,-610.16E-03,+8.94063E+00
+853.00E-03,-612.11E-03,+8.94063E+00
+854.00E-03,-612.11E-03,+8.97188E+00
+855.00E-03,-613.09E-03,+8.99141E+00
+856.00E-03,-612.11E-03,+8.99141E+00
+857.00E-03,-610.16E-03,+8.99141E+00
+858.00E-03,-610.16E-03,+8.99141E+00
+859.00E-03,-609.18E-03,+9.03047E+00
+860.00E-03,-610.16E-03,+9.04609E+00
+861.00E-03,-609.18E-03,+9.04609E+00
+862.00E-03,-610.16E-03,+9.04609E+00
+863.00E-03,-609.18E-03,+9.04609E+00
+864.00E-03,-611.13E-03,+9.08906E+00
+865.00E-03,-608.20E-03,+9.09688E+00
+866.00E-03,-611.13E-03,+9.10078E+00
+867.00E-03,-608.20E-03,+9.10078E+00
+868.00E-03,-611.13E-03,+9.10078E+00
+869.00E-03,-608.20E-03,+9.15156E+00
+870.00E-03,-611.13E-03,+9.15938E+00
+871.00E-03,-608.20E-03,+9.15938E+00
+872.00E-03,-611.13E-03,+9.15938E+00
+873.00E-03,-608.20E-03,+9.16328E+00
+874.00E-03,-611.13E-03,+9.21016E+00
+875.00E-03,-607.23E-03,+9.21016E+00
+876.00E-03,-612.11E-03,+9.21016E+00
+877.00E-03,-607.23E-03,+9.21406E+00
+878.00E-03,-612.11E-03,+9.21797E+00
+879.00E-03,-607.23E-03,+9.26094E+00
+880.00E-03,-611.13E-03,+9.26484E+00
+881.00E-03,-608.20E-03,+9.26094E+00
+882.00E-03,-611.13E-03,+9.26484E+00
+883.00E-03,-608.20E-03,+9.27266E+00
+884.00E-03,-611.13E-03,+9.31172E+00
+885.00E-03,-607.23E-03,+9.31172E+00
+886.00E-03,-610.16E-03,+9.31172E+00
+887.00E-03,-608.20E-03,+9.31172E+00
+888.00E-03,-610.16E-03,+9.32734E+00
+889.00E-03,-608.20E-03,+9.36641E+00
+890.00E-03,-610.16E-03,+9.36641E+00
+891.00E-03,-608.20E-03,+9.36641E+00
+892.00E-03,-610.16E-03,+9.36641E+00
+893.00E-03,-609.18E-03,+9.38594E+00
+894.00E-03,-610.16E-03,+9.41719E+00
+895.00E-03,-610.16E-03,+9.41719E+00
+896.00E-03,-610.16E-03,+9.41719E+00
+897.00E-03,-609.18E-03,+9.41719E+00
+898.00E-03,-609.18E-03,+9.44063E+00
+899.00E-03,-610.16E-03,+9.46797E+00
+900.00E-03,-609.18E-03,+9.46797E+00
+901.00E-03,-610.16E-03,+9.46797E+00
+902.00E-03,-611.13E-03,+9.46797E+00
+903.00E-03,-611.13E-03,+9.49922E+00
+904.00E-03,-611.13E-03,+9.52266E+00
+905.00E-03,-611.13E-03,+9.52266E+00
+906.00E-03,-608.20E-03,+9.51875E+00
+907.00E-03,-610.16E-03,+9.52266E+00
+908.00E-03,-608.20E-03,+9.55781E+00
+909.00E-03,-611.13E-03,+9.57344E+00
+910.00E-03,-608.20E-03,+9.57344E+00
+911.00E-03,-611.13E-03,+9.57344E+00
+912.00E-03,-608.20E-03,+9.57344E+00
+913.00E-03,-611.13E-03,+9.61250E+00
+914.00E-03,-608.20E-03,+9.62422E+00
+915.00E-03,-611.13E-03,+9.62422E+00
+916.00E-03,-608.20E-03,+9.62422E+00
+917.00E-03,-611.13E-03,+9.62813E+00
+918.00E-03,-608.20E-03,+9.67109E+00
+919.00E-03,-611.13E-03,+9.67500E+00
+920.00E-03,-608.20E-03,+9.67500E+00
+921.00E-03,-611.13E-03,+9.67500E+00
+922.00E-03,-608.20E-03,+9.67891E+00
+923.00E-03,-611.13E-03,+9.72969E+00
+924.00E-03,-608.20E-03,+9.73359E+00
+925.00E-03,-610.16E-03,+9.73359E+00
+926.00E-03,-608.20E-03,+9.73359E+00
+927.00E-03,-611.13E-03,+9.73750E+00
+928.00E-03,-609.18E-03,+9.78047E+00
+929.00E-03,-610.16E-03,+9.78438E+00
+930.00E-03,-608.20E-03,+9.78438E+00
+931.00E-03,-611.13E-03,+9.78438E+00
+932.00E-03,-610.16E-03,+9.79219E+00
+933.00E-03,-612.11E-03,+9.83516E+00
+934.00E-03,-611.13E-03,+9.83906E+00
+935.00E-03,-613.09E-03,+9.83906E+00
+936.00E-03,-611.13E-03,+9.83906E+00
+937.00E-03,-610.16E-03,+9.85078E+00
+938.00E-03,-609.18E-03,+9.88984E+00
+939.00E-03,-610.16E-03,+9.88984E+00
+940.00E-03,-610.16E-03,+9.88984E+00
+941.00E-03,-609.18E-03,+9.88984E+00
+942.00E-03,-610.16E-03,+9.90156E+00
+943.00E-03,-609.18E-03,+9.94063E+00
+944.00E-03,-610.16E-03,+9.94063E+00
+945.00E-03,-609.18E-03,+9.94063E+00
+946.00E-03,-610.16E-03,+9.94063E+00
+947.00E-03,-609.18E-03,+9.96016E+00
+948.00E-03,-610.16E-03,+9.99141E+00
+949.00E-03,-608.20E-03,+9.99141E+00
+950.00E-03,-610.16E-03,+9.99531E+00
+951.00E-03,-608.20E-03,+9.99141E+00
+952.00E-03,-611.13E-03,+10.01875E+00
+953.00E-03,-609.18E-03,+10.05000E+00
+954.00E-03,-611.13E-03,+10.05000E+00
+955.00E-03,-608.20E-03,+10.05000E+00
+956.00E-03,-611.13E-03,+10.05000E+00
+957.00E-03,-609.18E-03,+10.08125E+00
+958.00E-03,-613.09E-03,+10.10469E+00
+959.00E-03,-611.13E-03,+10.10469E+00
+960.00E-03,-613.09E-03,+10.10469E+00
+961.00E-03,-610.16E-03,+10.10469E+00
+962.00E-03,-611.13E-03,+10.13984E+00
+963.00E-03,-608.20E-03,+10.15938E+00
+964.00E-03,-611.13E-03,+10.15938E+00
+965.00E-03,-608.20E-03,+10.15938E+00
+966.00E-03,-611.13E-03,+10.15938E+00
+967.00E-03,-609.18E-03,+10.19844E+00
+968.00E-03,-611.13E-03,+10.21016E+00
+969.00E-03,-609.18E-03,+10.21016E+00
+970.00E-03,-610.16E-03,+10.21016E+00
+971.00E-03,-609.18E-03,+10.21016E+00
+972.00E-03,-611.13E-03,+10.25313E+00
+973.00E-03,-608.20E-03,+10.26484E+00
+974.00E-03,-610.16E-03,+10.26484E+00
+975.00E-03,-609.18E-03,+10.26484E+00
+976.00E-03,-611.13E-03,+10.26484E+00
+977.00E-03,-610.16E-03,+10.31172E+00
+978.00E-03,-611.13E-03,+10.31563E+00
+979.00E-03,-609.18E-03,+10.31563E+00
+980.00E-03,-610.16E-03,+10.31563E+00
+981.00E-03,-610.16E-03,+10.31953E+00
+982.00E-03,-610.16E-03,+10.36641E+00
+983.00E-03,-610.16E-03,+10.37031E+00
